<?xml version="1.0" encoding="UTF-8"?>
<beans xmlns="http://www.springframework.org/schema/beans"
	xmlns:xsi="http://www.w3.org/2001/XMLSchema-instance"
	xsi:schemaLocation="http://www.springframework.org/schema/beans http://www.springframework.org/schema/beans/spring-beans.xsd">

	<bean id="connectionFactory" class="org.apache.activemq.ActiveMQConnectionFactory">
		<property name="brokerURL" value="tcp://localhost:61616" />
	</bean>
	<bean id="orderQueueDestination" class="org.apache.activemq.command.ActiveMQQueue">
		<constructor-arg value="orderQueue" />
	</bean>
	
	<bean id="executedOrderQueueDestination" class="org.apache.activemq.command.ActiveMQQueue">
		<constructor-arg value="executedOrderQueue" />
	</bean>
	
	<bean id="jmsTemplateOrderQueue" class="org.springframework.jms.core.JmsTemplate">
		<property name="connectionFactory" ref="connectionFactory" />
		<property name="receiveTimeout" value="10000" />
		<property name="defaultDestination" ref="orderQueueDestination" />
		<property name="messageConverter" ref="orderMessageConverter" />
	</bean>
	
	<bean id="jmsTemplateExecutedOrderQueue" class="org.springframework.jms.core.JmsTemplate">
		<property name="connectionFactory" ref="connectionFactory" />
		<property name="receiveTimeout" value="10000" />
		<property name="defaultDestination" ref="executedOrderQueueDestination" />
		<property name="messageConverter" ref="orderMessageConverter" />
	</bean> 
	
	<bean id="orderMessageConverter" class="com.sapient.training.OrderMessageConvertor" />
	
	<bean id="SpringJmsOrderProducer" class="com.sapient.training.SpringJmsOrderProducer">
		<property name="jmsTemplate" ref="jmsTemplateOrderQueue" />
	</bean>
	
	<bean id="SpringJmsOrderConsumer" class="com.sapient.training.SpringJmsOrderConsumer">
		<property name="jmsTemplate" ref="jmsTemplateOrderQueue" />
	</bean>	

</beans>