<?xml version="1.0" encoding="UTF-8"?>
<beans xmlns="http://www.springframework.org/schema/beans"
	xmlns:context="http://www.springframework.org/schema/context" xmlns:tx="http://www.springframework.org/schema/tx"
	xmlns:jms="http://www.springframework.org/schema/jms" xmlns:xsi="http://www.w3.org/2001/XMLSchema-instance"
	xsi:schemaLocation="http://www.springframework.org/schema/beans
    http://www.springframework.org/schema/beans/spring-beans-3.0.xsd    
http://www.springframework.org/schema/context
http://www.springframework.org/schema/context/spring-context-4.0.xsd
        http://www.springframework.org/schema/tx
        http://www.springframework.org/schema/tx/spring-tx-3.0.xsd
       http://www.springframework.org/schema/jms 
      http://www.springframework.org/schema/jms/spring-jms-4.1.xsd">

<bean id="orderDestination" class="org.apache.activemq.command.ActiveMQQueue">
		<constructor-arg value="orderQueue" />
	</bean>
	<bean id="executedOrderDestination" class="org.apache.activemq.command.ActiveMQQueue">
		<constructor-arg value="executedOrderQueue" />
	</bean>
	<bean id="jmsListenerContainerFactory"
		class="org.springframework.jms.config.DefaultJmsListenerContainerFactory">
		<property name="connectionFactory" ref="connectionFactory" />
	</bean>

	<bean id="jmsTemplate" class="org.springframework.jms.core.JmsTemplate">
		<property name="connectionFactory" ref="connectionFactory" />
		<property name="receiveTimeout" value="10000" />
			<property name="defaultDestination" ref="orderDestination" />
		<property name="messageConverter" ref="orderMessageConverter" />
	</bean>
	<bean id="jmsExecTemplate" class="org.springframework.jms.core.JmsTemplate">
		<property name="connectionFactory" ref="connectionFactory" />
		<property name="receiveTimeout" value="10000" />
		<property name="defaultDestination" ref="executedOrderDestination" />
		<property name="messageConverter" ref="orderMessageConverter" />
	</bean>
	<bean id="connectionFactory" class="org.apache.activemq.ActiveMQConnectionFactory">
		<property name="brokerURL" value="tcp://localhost:61616" />
		<property name="trustedPackages">
		<list>
		<value>com.jms</value>
		</list>
		</property>
	</bean>
	<bean id="jmsProducer" class="com.jms.MySender">
		<property name="destination" ref="orderDestination" />
		<property name="jmsTemplate" ref="jmsTemplate" />
	</bean>

	<bean id="jmsConsumer" class="com.jms.MyConsumer">
		<property name="destination" ref="orderDestination" />
		<property name="jmsTemplate" ref="jmsTemplate" />
	</bean>
	<bean id="jmsExecProducer" class="com.jms.MySender">
		<property name="destination" ref="executedOrderDestination" />
		<property name="jmsTemplate" ref="jmsExecTemplate" />
	</bean>

	<bean id="jmsExecConsumer" class="com.jms.MyConsumer">
		<property name="destination" ref="executedOrderDestination" />
		<property name="jmsTemplate" ref="jmsExecTemplate" />
	</bean>
<bean id="orderMessageConverter" class="com.jms.utils.OrderMessageConverter" />
</beans>
